Epicerie salée - Assaisonnement - Epices, herbes        94	fr:Epicerie		
Produits frais - Volaille - Poulet      79	fr:Poulets		
Produits frais - Boucherie - Boeuf      74	fr:Boeuf		
Epicerie sucrée - Boissons chaudes - Café moulu et en grains    71	fr:Cafés		
Epicerie salée - Grignotage salé - Biscuits salés       68	fr:Biscuits apéritifs		
Produits frais - Desserts, yaourts, compotes - Desserts gourmands       61	fr:Desserts		
Boissons sans alcool - Sirops et Boissons concentrées - Sirops et Concentrés   55			
Epicerie sucrée - Desserts - Compotes   51	fr:Compotes		
Produits frais - Traiteur - Entrées, apéritif, snack    49			
Produits frais - Traiteur - Salades     46	fr:Salades		
Surgelés - Surgelés salés - Légumes natures     45	fr:Légumes surgelés	fr:Surgelé	
Epicerie sucrée - Confiture, miel, pâte à tartiner - Confitures, gelées, marmelades     44			
Surgelés - Surgelés salés - Plats cuisinés      44	fr:Plats préparés surgelés	fr:Surgelé	
Produits frais - Poissonnerie - Poissons fumés  43	fr:Poissons fumés		
Boulangerie, viennoiserie - Pâtisserie - Pâtisserie individuelle        40	fr:Patisseries		
Epicerie salée - Pâtes, riz, purée, chips - Pâtes classiques    39	fr:Pâtes sèches		
Epicerie salée - Sauces, condiments - Sauces chaudes pour riz et pâtes  38	fr:Sauces		
Epicerie salée - Conserves - Légumes verts      38	fr:Légumes en conserve		
Produits frais - Traiteur - Plats cuisinés      37	fr:Plats préparés		
Surgelés - Surgelés salés - Légumes cuisinés, purées    37		fr:Surgelé	
Epicerie salée - Soupes - Liquides      37	fr:Soupes		
Produits frais - Charcuterie - Saucisses, andouilles, boudins   35	fr:Charcuteries		
Produits frais - Traiteur - Pizza, quiche, tarte, crêpes, galettes      35			
Produits frais - Boucherie - Veau       34	fr:Viandes de veau		
Produits frais - Fromages - Gruyère, comté, gouda et autres     34	fr:Fromages		
Boissons sans alcool - Jus de fruits, nectars, concentrés - Jus de fruits frais33	fr:Jus et nectars de fruits		
Produits frais - Charcuterie - Jambons cuits    33	fr:Jambons blancs		
Bio, diététique, équitable - Diététique - Sans gluten   33			fr:Sans gluten
Boissons sans alcool - Jus de fruits, nectars, concentrés - Multifruits 32	fr:Boissons aux fruits		
Surgelés - Surgelés salés - Poissons natures et panés   31	fr:Poissons surgelés	fr:Surgelé	
Produits frais - Charcuterie - Lardons, poitrine, graisse à cuire       31	fr:Charcuterie		
Epicerie salée - Sauces, condiments - Moutarde, mayonnaise      31	fr:Sauces		
Boissons sans alcool - Boissons au thé, aux fruits, enfants - Boissons aux fruits       31	fr:Boissons aux fruits		
Epicerie sucrée - Bonbons - Bonbons, sucettes   30	fr:Sucettes		
Epicerie sucrée - Aide culinaire sucrée - Nappage, coulis, décors       30	fr:Aides culinaires, fr:Aides culinaires sucrées		
Produits frais - Traiteur - Pâtes fraiches, quenelles   30	fr:Traiteur		
Epicerie salée - Plats cuisinés - Barquettes micro ondables     30	fr:Plats préparés à réchauffer au micro-ondes		
Epicerie salée - Conserves - Légumes froids     30	fr:Légumes en conserve		
Epicerie sucrée - Biscottes, pain grillé - Biscottes, pain grillé       29	fr:Pains		
Produits frais - Boucherie - Saucisserie        29	fr:Saucisses		
Epicerie salée - Assaisonnement - Autres aides culinaires       29	fr:Assaisonnements		
Epicerie salée - Sauces, condiments - Ketchup et autres sauces froides  28	fr:Sauces		
Epicerie sucrée - Boissons chaudes - Thé        27	fr:Thé		
Produits frais - Légumes - Salades      27	fr:Salades		
Epicerie sucrée - Biscuits - Fins, assortiments 26	fr:Biscuits		
Produits frais - Traiteur - Sandwichs   26	fr:Sandwichs		
Epicerie sucrée - Biscuits - Biscuits chocolatés        26	fr:Biscuits au chocolat		
Epicerie salée - Produits du monde - Asiatique  26	fr:Produits asiatiques		
Epicerie sucrée - Biscuits - Biscuits secs      26	fr:Biscuits		
Epicerie sucrée - Chocolat - Tablette chocolat noir     25	fr:Chocolats noirs		
Epicerie salée - Conserves - Thon       25	fr:Thons en conserve		
Boissons sans alcool - Eaux - Eaux plates natures       24	fr:Eaux		
Epicerie salée - Grignotage salé - Chips        24	fr:Chips		
Epicerie salée - Assaisonnement - Huile 24	fr:Huiles		
Vins, bières, alcools - Fontaines à vin - IGP (Indication Géographique Protégée)24	fr:Vins		
Epicerie sucrée - Desserts - Préparation pour desserts  24	fr:Préparations pour desserts		
Bio, diététique, équitable - Goûters, chocolats, grignotages - Biscuits, Goûters24	fr:Biscuits		
Produits frais - Volaille - Canard      23	fr:Canards		
Surgelés - Surgelés salés - Entrées, coquilles, feuilletés, crêpes      23	fr:Entrées et snacks surgelés	fr:Surgelé	
Produits frais - Desserts, yaourts, compotes - Yaourts natures, fromages blancs23			
Epicerie salée - Conserves - Légumes à cuisiner 23	fr:Légumes en conserve		
Produits frais - Desserts, yaourts, compotes - Compotes 23	fr:Compotes		
Epicerie salée - Pâtes, riz, purée, chips - Riz 23	fr:Riz		
Produits frais - Boucherie - Porc       23	fr:Porc		
Produits frais - Fromages - Cuisine, salades    22	fr:Fromages		
Epicerie salée - Assaisonnement - Vinaigre et jus de citron     22	fr:Assaisonnements		
Vins, bières, alcools - Vins effervescents - Vins mousseux et pétillants       22	fr:Vins effervescents		
Epicerie salée - Plats cuisinés - Recettes traditionnelles      22	fr:Plats préparés		
Produits frais - Beurres, crèmes, matières grasses - Beurres    22	fr:Beurres		
Epicerie sucrée - Céréales - Muesli     22	fr:Mueslis		
Surgelés - Surgelés sucrés - Glaces bac 22	fr:Glaces et sorbets	fr:Surgelé	
Produits frais - Fromages - Fromages du terroir 22	fr:Fromages		
Epicerie salée - Pâtes, riz, purée, chips - Pâtes spécialités   22			
Produits frais - Volaille - Cordons bleus, nuggets, bouchées au poulet  21	fr:Poulets panés		
Produits frais - Desserts, yaourts, compotes - Bien-être, soja  21			
Produits frais - Charcuterie - Saucissons secs, chorizos entiers        21	fr:Charcuterie		
Bébé - Desserts, goûters - Pots fruits et compotes      21	fr:Desserts au fruit pour bébé		
Epicerie sucrée - Desserts - Fruits au sirop    21	fr:Fruits au sirop		
Epicerie salée - Conserves - Légumes féculents  21	fr:Légumes en conserve		
Surgelés - Surgelés salés - Pizzas      21	fr:Pizzas surgelées	fr:Surgelé	
Bio, diététique, équitable - Boissons - Jus et sirops   21	fr:Boissons sucrées		
Produits frais - Charcuterie - Jambons crus, secs       20	fr:Jambons crus		
Produits frais - Boucherie - Steak haché        20	fr:Steaks hachés de bœuf frais		
Bio, diététique, équitable - Fruits - Pommes    20	fr:Pommes		
Boissons sans alcool - Boissons au thé, aux fruits, enfants - Boissons au thé  20	fr:Thés glacés		
Produits frais - Desserts, yaourts, compotes - Yaourts gourmands        20	fr:Yaourts		
Bébé - Repas - Petits pots et bols légumes, viande, poisson     19	fr:Petits pots pour bébé		
Produits frais - Fruits - Oranges, clémentines  19	fr:Fruits		
Epicerie salée - Terrines - Terrines    19	fr:Terrines		
Produits frais - Volaille - Dinde       19	fr:Dinde		
Epicerie salée - Sauces, condiments - Sauces chaudes à napper, à cuisiner, déshydratées 19			
Surgelés - Surgelés salés - Mollusques et crustacés     19	fr:Poissons surgelés	fr:Surgelé	
Bio, diététique, équitable - Produits frais - Desserts, Yaourts, Compotes      19			
Boissons sans alcool - Eaux - Eaux aromatisées  19	fr:Eaux aromatisées		
Surgelés - Surgelés salés - Pommes de terre, frites     19	fr:Pommes de terre préfrites surgelées	fr:Surgelé	
Bio, diététique, équitable - Diététique - Diététique sportive   18			
Epicerie sucrée - Boissons chaudes - Décaféiné, cappuccino et spécialités      18			
Produits frais - Fromages - Chèvres, brebis     18	fr:Fromages		
Produits frais - Charcuterie - Charcuterie tranchée, saucissons cuits   18	fr:Saucissons		
Produits frais - Charcuterie - Pâtés, rillettes 18	fr:Charcuterie		
Surgelés - Surgelés sucrés - Cônes      17	fr:Cônes	fr:Surgelé	
Surgelés - Surgelés salés - Apéritifs   17	fr:Apéritif	fr:Surgelé	
Bébé - Repas - Assiettes et sachets     17	fr:Aliments pour bébé		
Produits frais - Fromages - Raclette, tartiflette, fondue       17	fr:Fromages		
Boissons sans alcool - Jus de fruits, nectars, concentrés - Orange      16	fr:Boissons à l’orange		
Bio, diététique, équitable - Plats cuisinés, aides culinaires - Aides à la cuisine      16			
Epicerie sucrée - Biscuits - Goûters fourrés    16	fr:Goûters fourrés, fr:Biscuits		
Surgelés - Surgelés salés - Viandes brutes, hachées, panées     16		fr:Surgelé	
Produits frais - Charcuterie - Charcuterie de volaille  16	fr:Charcuterie de volaille		
Produits frais - Fromages - Camemberts, coulommiers, bries      16	fr:Fromages		
Epicerie sucrée - Aide culinaire sucrée - Fruits secs, aide pâtissière  16			
Produits frais - Boucherie - Marinée, cuisinée  15			
Epicerie salée - Assaisonnement - Sel, poivre   15	fr:Assaisonnements		
Epicerie sucrée - Chocolat - Tablette chocolat lait     15	fr:Chocolats au lait		
Epicerie salée - Grignotage salé - Cacahuètes   15	fr:Cacahuètes salées		
Surgelés - Surgelés sucrés - Glaces enfants     15		fr:Surgelé	
Surgelés - Surgelés sucrés - Bâtonnets  15	fr:Bâtonnets	fr:Surgelé	
Vins, bières, alcools - Bières, cidres - Cidres 15	fr:Cidres		
Epicerie salée - Produits du monde - Tex mex    14			
Epicerie salée - Céréales, légumes secs - Légumes secs  14	fr:Légumes secs		
Produits frais - Desserts, yaourts, compotes - Allégés  14			
Epicerie sucrée - Bonbons - Menthe, santé, réglisse     14			
Epicerie salée - Conserves - Légumes cuisinés   14	fr:Légumes cuisinés		
Surgelés - Surgelés sucrés - Boulangerie-pâtisserie individuelle        14	fr:Viennoiseries surgelées	fr:Surgelé	
Produits frais - Traiteur - Pâtes à tartes, pâtes à gateaux, desserts   14			
Produits frais - Traiteur - Produits bio, à base végétale et de soja    14			
Produits frais - Volaille - Produits festifs    14	fr:Volaille		
Produits frais - Fromages - Râpés gruyère, comté, parmesan      14	fr:Fromages rapés		
Epicerie salée - Assaisonnement - Vinaigrette   14	fr:Vinaigrettes		
Epicerie salée - Céréales, légumes secs - Autres féculents      14	fr:Féculents		
Epicerie sucrée - Gâteaux moelleux - Format individuel  13	fr:Gâteaux		
Epicerie sucrée - Confiture, miel, pâte à tartiner - Miels, sirops d'érable    13			
Epicerie salée - Conserves - Sardine    13	fr:Sardines en conserve		
Produits frais - Desserts, yaourts, compotes - Enfants et petits suisses       13			
Epicerie salée - Sauces, condiments - Cornichons et légumes vinaigrés   13	fr:Condiments		
Epicerie sucrée - Gâteaux moelleux - Format à partager  13			
Boissons sans alcool - Boissons gazeuses - Limonades, tonics et limes   13	fr:Boissons gazeuses		
Produits frais - Poissonnerie - Apéritifs, Entrées      13			
Produits frais - Traiteur - Asiatique, exotique 13			
Bébé - Repas - Petits pots et bols légumes      13	fr:Aliments pour bébé		
Epicerie sucrée - Céréales - Enfants chocolatées        13			
Epicerie sucrée - Sucre, farine - Farine        12	fr:Farine		
Bio, diététique, équitable - Conserves, potages, tartinables - Conserves de légumes     12	fr:Conserves de légumes		
Epicerie sucrée - Biscuits - Boudoirs, Cuillers, Accompagnement 12			
Boissons sans alcool - Jus de fruits, nectars, concentrés - Nectars gourmands et smoothies      12	fr:Boissons aux fruits		
Produits frais - Beurres, crèmes, matières grasses - Crèmes U.H.T, crèmes fouettées     12			
Produits frais - Poissonnerie - Poissons panés et cuisinés      12	fr:Plats préparés à base de poisson		
Produits frais - Légumes - Pommes de terre      12	fr:Pommes de terre		
Produits frais - Fruits - Fruits séchés 12	fr:Fruits séchés		
Boulangerie, viennoiserie - Pains pré-emballés - Pains à garnir, Muffins       11	fr:Pains		
Bio, diététique, équitable - Petit déjeuner - Pains, Biscottes  11			
Vins, bières, alcools - Vins rouges - Bordeaux  11	fr:Bordeaux, fr:Vins rouges		
Boissons sans alcool - Jus de fruits, nectars, concentrés - Petits formats     11	fr:Boissons aux fruits		
Epicerie salée - Conserves - Poisson à tartiner 11	fr:Poissons à tartiner, fr:Produits à tartiner salés, fr:Produits de la mer		
Epicerie sucrée - Boissons chaudes - Infusion   11	fr:Infusions		
Vins, bières, alcools - Fontaines à vin - Bordeaux      11	fr:Bordeaux		
Vins, bières, alcools - Vins blancs - IGP (Indication Géographique Protégée)   11	fr:Vins blancs		fr:IGP
Produits frais - Fruits - Pommes        11	fr:Pommes		
Epicerie salée - Conserves - Maquereau  11	fr:Maquereaux en conserve		
Epicerie sucrée - Confiture, miel, pâte à tartiner - Pâte à tartiner, crème de marrons  11			
Surgelés - Surgelés sucrés - Glaces individuelles       11	fr:Glaces et sorbets	fr:Surgelé	
Epicerie salée - Grignotage salé - Pistaches, noix de cajou     11			
Epicerie salée - Conserves - Salades    10			
Bio, diététique, équitable - Goûters, chocolats, grignotages - Chocolats       10			
Epicerie salée - Grignotage salé - Mélange graines et fruits    10			
Surgelés - Surgelés sucrés - Glaces à partager  10	fr:Glaces	fr:Surgelé	
Boulangerie, viennoiserie - Viennoiserie - Brioches entières et spécialités    10			
Bio, diététique, équitable - Petit déjeuner - Confiture, Miel, Pâte à tartiner 10			
Bio, diététique, équitable - Diététique - Boissons et desserts végétaux soja et autres  10			
Produits frais - Desserts, yaourts, compotes - Yaourts aux fruits       10	fr:Yaourts aux fruits		
Boissons sans alcool - Boissons gazeuses - Sodas et boissons gazeuses aux fruits10			
Produits frais - Fromages - Roqueforts, bleus   10	fr:Fromages à pâte persillée		
Vins, bières, alcools - Alcools blancs - Rhum, Sirops de sucre de canne 10	fr:Alcools blancs		
Epicerie sucrée - Boissons chaudes - Poudre chocolatée  9	fr:Chocolats en poudre		
Vins, bières, alcools - Bières, cidres - Sans alcool et Panachés        9	fr:Bières sans alcool		
Produits frais - Fromages - Fromages à tartiner 9	fr:Fromages à tartiner		
Vins, bières, alcools - Vins rosés - IGP (Indication Géographique Protégée)    9	fr:Vins français, fr:Vins rosés		
Epicerie salée - Pâtes, riz, purée, chips - Pâtes, riz,céréales express 9			
Epicerie sucrée - Céréales - Barres de céréales 9	fr:Barres de céréales		
Boissons sans alcool - Jus de fruits, nectars, concentrés - Fruits du verger   9	fr:Boissons aux fruits		
Boissons sans alcool - Boissons gazeuses - Colas        9	fr:Sodas au cola		
Bio, diététique, équitable - Conserves, potages, tartinables - Potages, Soupes 9			
Produits frais - Desserts, yaourts, compotes - Yaourts à boire  9	fr:Yaourts à boire		
Epicerie sucrée - Sucre, farine - Sucre 9	fr:Sucres		
Produits frais - Beurres, crèmes, matières grasses - Crèmes fraîches    9	fr:Crèmes fraîches		
Epicerie salée - Conserves - Autres légumes     9	fr:Légumes en conserve		
Epicerie sucrée - Chocolat - Barres et confiseries chocolatées  9			
Produits frais - Charcuterie - Hachés, rôtis    9			
Epicerie salée - Grignotage salé - Tuiles       9	fr:Tuiles salées		
Bio, diététique, équitable - Plats cuisinés, aides culinaires - Plats cuisinés 9	fr:Plats préparés		
Vins, bières, alcools - Punchs, crèmes, liqueurs - Liqueurs     9	fr:Liqueurs		
Epicerie sucrée - Chocolat - Tablette desserts  8	fr:Chocolats		
Bio, diététique, équitable - Plats cuisinés, aides culinaires - Sucre, farine  8			
Boulangerie, viennoiserie - Pain de mie - Pain de mie blanc petites tranches   8	fr:Pains de mie		
Epicerie sucrée - Aide culinaire sucrée - Levure, sucre vanille, arômes 8			
Produits frais - Beurres, crèmes, matières grasses - Margarines, matières grasses       8	fr:Matières grasses		
Epicerie sucrée - Desserts - Crèmes dessert, riz au lait        8			
Epicerie sucrée - Boissons chaudes - Café solubles      8	fr:Cafés solubles		
Bio, diététique, équitable - Produits frais - Surgelé salé      8	fr:Surgelés		
Vins, bières, alcools - Bières, cidres - Spécialités (ambrées, brunes,...)     8	fr:Bières, fr:Bières de spécialité		
Epicerie salée - Plats cuisinés - Plats italiens        8	fr:Plats préparés		
Produits frais - Poissonnerie - Surimi et bâtonnets de poisson  8	fr:Surimi		
Boissons sans alcool - Eaux - Eaux gazeuses natures     8	fr:Eaux gazeuses		
Surgelés - Surgelés sucrés - Sorbets bac        8	fr:Sorbets	fr:Surgelé	
Epicerie salée - Assaisonnement - Bouillons     8	fr:Bouillons		
Epicerie salée - Sauces, condiments - Olives    8	fr:Olives		
Vins, bières, alcools - Vins rouges - Sud-ouest 8	fr:Vins français, fr:Vins rouges		
Vins, bières, alcools - Vins rouges - Rhône     8	fr:Vins français, fr:Vins rouges		
Vins, bières, alcools - Vins rouges - IGP (Indication Géographique Protégée)   8	fr:Vins rouges		
Boissons sans alcool - Jus de fruits, nectars, concentrés - Autres agrumes     8	fr:Boissons aux fruits		
Vins, bières, alcools - Fontaines à vin - Rhône 8	fr:Vins français		
Produits frais - Poissonnerie - Crabe, crevettes        8	fr:Crustacés		
Epicerie salée - Plats cuisinés - Autres plats cuisinés 8	fr:Plats préparés		
Epicerie sucrée - Biscuits - Gaufrettes 8	fr:Gaufrettes, fr:Biscuits		
Epicerie salée - Grignotage salé - Olives, saucisses cocktail   8			
Produits frais - Laits, Oeufs, boissons végétales - Oeufs       8	fr:Oeufs		
Bio, diététique, équitable - Goûters, chocolats, grignotages - Grignotages salés8			
Epicerie sucrée - Biscuits - Cookies    8	fr:Cookies		
Boulangerie, viennoiserie - Viennoiserie - Pains au lait        8	fr:Pains au lait		
Vins, bières, alcools - Boissons à base de vin - Boissons à base de vin 8	fr:Boissons à base de vin, fr:Boissons		
Bio, diététique, équitable - Plats cuisinés, aides culinaires - Sauces, Condiments      7	fr:Sauces		
Vins, bières, alcools - Punchs, crèmes, liqueurs - Crèmes       7	fr:Boissons alcoolisées		
Vins, bières, alcools - Champagne - Champagne   7	fr:Champagnes		
Epicerie salée - Soupes - Croûtons      7	fr:Croutons		
Epicerie salée - Grignotage salé - Tapas        7	fr:Tapas		
Epicerie sucrée - Céréales - Enfants sucrés, miel       7	fr:Céréales au miel, fr:Céréales du petit déjeuner		
Boissons sans alcool - Jus de fruits, nectars, concentrés - Fruits exotiques   7	fr:Boissons aux fruits		
Produits frais - Charcuterie - Foie gras        7	fr:Foie gras		
Epicerie sucrée - Biscuits - Petit déjeuner     7	fr:Biscuits du petit déjeuner, fr:Biscuits		
Boulangerie, viennoiserie - Viennoiserie - Briochettes, Pancakes        7			
Produits frais - Légumes - Ail, Oignon, Echalote        6			
Produits frais - Laits, Oeufs, boissons végétales - Laits 1/2 écrémé    6	fr:Laits demi-écrémés		
Bio, diététique, équitable - Pâtes, riz, chips, féculents - Pâtes       6	fr:Pâtes sèches		
Surgelés - Surgelés salés - Tartes salées, quiches, tourtes     6		fr:Surgelé	
Vins, bières, alcools - Punchs, crèmes, liqueurs - Punchs et cocktails  6	fr:Boissons alcoolisées		
Boulangerie, viennoiserie - Pains pré-emballés - Pain précuit   6	fr:Pains précuits		
Bio, diététique, équitable - Légumes - Pomme de terre   6	fr:Pommes de terre		
Bio, diététique, équitable - Produits frais - Laits, Oeufs      6			
Epicerie salée - Plats cuisinés - Plats exotiques       6	fr:Plats préparés		
Epicerie salée - Soupes - Déshydratés   6	fr:Soupes déshydratées		
Boulangerie, viennoiserie - Pain de mie - Pain de mie céréales, complet 6	fr:Pains de mie		
Produits frais - Volaille - Cailles, coquelets  6			
Vins, bières, alcools - Bières, cidres - Blondes en bouteille   6	fr:Bières blondes	fr:Bouteille	
Epicerie sucrée - Bonbons - Caramel, pâtes de fruits, nougats   6			
Vins, bières, alcools - Fontaines à vin - Loire 6	fr:Loire, fr:Vins français		
Produits frais - Boucherie - Agneau     6	fr:Agneau		
Vins, bières, alcools - Vins blancs - Bordeaux - Sud-ouest      6	fr:Vins français, fr:Vins blancs		
Epicerie sucrée - Céréales - Equilibre, santé   6	fr:Céréales pour le petit-déjeuner		
Vins, bières, alcools - Vins doux - Autres      6	fr:Vins doux		
Produits frais - Fruits - Fruits secs grignotage, apéritif      6			
Produits frais - Poissonnerie - Anchois, moules, marinades      6			
Bio, diététique, équitable - Boissons - Soja, Végétaux  5			
Epicerie salée - Pâtes, riz, purée, chips - Purées      5			
Vins, bières, alcools - Autres digestifs - Sans alcool  5	fr:Digestifs		
Vins, bières, alcools - Vins doux - France      5	fr:Vins français		
Bio, diététique, équitable - Pâtes, riz, chips, féculents - Riz 5	fr:Riz		
Produits frais - Boucherie - Barbecue   5			
Produits frais - Poissonnerie - Poisson en filet        5			
Vins, bières, alcools - Vins blancs - Alsace    5	fr:Vins français, fr:Vins blancs		
Vins, bières, alcools - Vins rosés - Bordeaux - Sud-ouest       5	fr:Vins français, fr:Vins rosés		
Epicerie sucrée - Biscuits - Biscuits confiturés        5	fr:Biscuits		
Vins, bières, alcools - Vins rouges - Languedoc-Roussillon      5	fr:Vins français, fr:Vins rouges		
Bio, diététique, équitable - Diététique - Diététique hors minceur       5			
Boulangerie, viennoiserie - Pain de mie - Pain de mie blanc grandes tranches   5	fr:Pains de mie		
Bébé - Desserts, goûters - Crèmes dessert       5	fr:Goûters et desserts pour bébé		
Boulangerie, viennoiserie - Viennoiserie - Brioches tranchées   5	Fr:Brioches, fr:Brioches tranchées		
Vins, bières, alcools - Fontaines à vin - Provence - Corse      5	fr:Vins français		
Epicerie salée - Terrines - Foie gras   5	fr:Foies gras		
Produits frais - Laits, Oeufs, boissons végétales - Laits concentrés, en poudre5	fr:Laits concentrés en poudre		
Epicerie sucrée - Bonbons - Assortiments        5	fr:Bonbons		
Bébé - 1er âge, 2ème âge, croissance - Croissance       5	fr:Laits pour bébé		
Surgelés - Surgelés sucrés - Fruits morceaux, coulis    5	fr:Aliments à base de plantes surgelés	fr:Surgelé	
Bio, diététique, équitable - Produits frais - Beurres, crèmes, matières grasses5	fr:Matières grasses		
Bio, diététique, équitable - Petit déjeuner - Céréales  5	fr:Céréales du petit déjeuner		
Bio, diététique, équitable - Légumes - Ail, Oignon, Echalotte   5			
Vins, bières, alcools - Anisés - Anisés 4	fr:Boissons anisées		
Vins, bières, alcools - Whiskies - Blends écossais      4	fr:Whiskies		
Produits frais - Fromages - Fromages apéritif   4	fr:Fromages		
Boulangerie, viennoiserie - Pâtisserie - Gâteaux à partager, Tarterie   4			
Produits frais - Fromages - Fromages allégés    4	fr:Fromages allégés		
Bio, diététique, équitable - Légumes - Choux, Brocolis  4	fr:Légumes		
Vins, bières, alcools - Fontaines à vin - Sud-ouest     4	fr:Vins français		
Bio, diététique, équitable - Petit déjeuner - Thé, Infusion     4			
Vins, bières, alcools - Autres digestifs - Digestifs    4	fr:Digestifs		
Epicerie sucrée - Gâteaux moelleux - Brownies   4	fr:Brownies		
Epicerie sucrée - Chocolat - Tablette chocolat blanc    4	fr:Chocolats blancs		
Vins, bières, alcools - Alcools blancs - Vodka  4	fr:Vodka		
Produits frais - Fromages - Fromages pour enfants       4	fr:Fromages		
Produits frais - Volaille - Lapin       4	fr:Lapins		
Produits frais - Poissonnerie - Sauces pour poisson     4	fr:Sauces		
Epicerie salée - Conserves - Autres poissons et fruits de mer   4			
Produits frais - Fromages - Sandwich, burgers   4	fr:Fromages, fr:Fromages en tranches		
Boissons sans alcool - Sirops et Boissons concentrées - Autres spécialités à diluer     4	fr:Boissons concentrées		
Vins, bières, alcools - Vins rosés - Rhône      4	fr:Vins français, fr:Vins rosés		
Epicerie salée - Assaisonnement - Fonds et fumets       3	fr:Assaisonnements		
Produits frais - Laits, Oeufs, boissons végétales - Laits frais 3	fr:Laits		
Vins, bières, alcools - Demi bouteilles, Magnum - Loire 3	fr:Vins français		
Epicerie salée - Grignotage salé - Amandes, noisettes   3			
Vins, bières, alcools - Vins rouges - VSIG (Vins sans indication géographique) 3	fr:Vins rouges		
Bébé - Petit déjeuner - Céréales liquides       3	fr:Céréales pour bébé		
Vins, bières, alcools - Fontaines à vin - VSIG (Vin sans indication géographique)       3			
Vins, bières, alcools - Demi bouteilles, Magnum - IGP (Indication Géographique Protégée)        3			
Epicerie sucrée - Céréales - Corn flakes        3	fr:Corn-Flakes		
Boissons sans alcool - Jus de fruits, nectars, concentrés - Raisin      3	fr:Boissons aux fruits		
Vins, bières, alcools - Vins rosés - Provence - Corse   3	fr:Vins français, fr:Vins rosés		
Boulangerie, viennoiserie - Pains pré-emballés - Autres pains   3			
Bio, diététique, équitable - Plats cuisinés, aides culinaires - Huiles, Vinaigres       3			
Produits frais - Fruits - Fruits secs aide culinaire    3			
Vins, bières, alcools - Demi bouteilles, Magnum - Bordeaux      3	fr:Vins français		
Epicerie salée - Grignotage salé - Tortilla sauces      3	fr:Sauces, fr:Sauces tortillas		
Vins, bières, alcools - Vins blancs - Bourgogne - Beaujolais    3	fr:Vins français, fr:Vins blancs		
Epicerie sucrée - Biscuits - Equilibre  3	fr:Biscuits		
Vins, bières, alcools - Vins blancs -  VSIG (Vin sans indication géographique) 3	fr:Vins blancs		
Vins, bières, alcools - Bières, cidres - Blondes en boîte       3	fr:Bières blondes		
Boulangerie, viennoiserie - Pains pré-emballés - Toasts 3			
Vins, bières, alcools - Demi bouteilles, Magnum - Champagne     3	fr:Champagnes		
Vins, bières, alcools - Vins rouges - Loire     3	fr:Vins français, fr:Vins rouges		
Epicerie salée - Grignotage salé - Assortiment  3			
Vins, bières, alcools - Vins blancs - Loire     3	fr:Vins français, fr:Vins blancs		
Produits frais - Poissonnerie - Soupes  2	fr:Soupes		
Bio, diététique, équitable - Produits frais - Fromage   2	fr:Fromages		
Produits frais - Beurres, crèmes, matières grasses - Sauces, aides culinaires  2			
Bio, diététique, équitable - Légumes - Crudités 2			
Vins, bières, alcools - Vins rosés - Languedoc-Roussillon       2	fr:Vins français, fr:Vins rosés		
Produits frais - Légumes - Autres légumes       2	fr:Légumes		
Produits frais - Poissonnerie - Coquillages     2	fr:Coquillages		
Surgelés - Surgelés salés - Snacks, burgers     2		fr:Surgelé	
Vins, bières, alcools - Vins rosés - Loire      2	fr:Vins français, fr:Vins rosés		
Produits frais - Charcuterie - Charcuterie apéritive    2	fr:Charcuteries		
Boissons sans alcool - Jus de fruits, nectars, concentrés - Légumes     2	fr:Boissons aux légumes		
Surgelés - Surgelés sucrés - Les minis  2		fr:Surgelé	
Produits frais - Légumes - Choux, Brocolis      2	fr:Légumes		
Produits frais - Laits, Oeufs, boissons végétales - Laits entiers       2	fr:Laits entiers		
Vins, bières, alcools - Vins rouges - Bourgogne 2	fr:Vins français, fr:Vins rouges		
Produits frais - Légumes - Carottes     2	fr:Légumes, fr:Carottes, fr:Légumes frais		
Produits frais - Légumes - Crudités     2	fr:Légumes, fr:Crudités, fr:Légumes frais		
Bébé - Desserts, goûters - Biscuits et jus      2	fr:Aliments pour bébé		
Vins, bières, alcools - Demi bouteilles, Magnum - Alsace - Jura - Savoie       2	fr:Vins français		
Vins, bières, alcools - Vins étrangers - Italie 2	fr:Vins italiens		
Vins, bières, alcools - Vins rosés - VSIG (Vin sans indication géographique)   2	fr:Vins rosés		
Epicerie sucrée - Boissons chaudes - Chicorée   2	fr:Boissons à la chicorée		
Produits frais - Laits, Oeufs, boissons végétales - Laits aromatisés    2	fr:Laits aromatisés		
Bio, diététique, équitable - Pâtes, riz, chips, féculents - Chips       2	fr:Chips		
Boulangerie, viennoiserie - Viennoiserie - Pains au chocolat    2	fr:Pains au chocolat		
Bio, diététique, équitable - Pâtes, riz, chips, féculents - Autres féculents   2			
Bio, diététique, équitable - Produits frais - Boulangerie, viennoiserie 2			
Vins, bières, alcools - Autres digestifs - Amer, bitter, gentiane       2	fr:Digestifs		
Produits frais - Laits, Oeufs, boissons végétales - Laits faciles à digérer, écrémés, chèvres   2			
Produits frais - Légumes - Tomates      2	fr:Légumes, fr:Tomates, fr:Légumes frais		
Produits frais - Fruits - Fruits bio    1	fr:Fruits		
Surgelés - Surgelés sucrés - Gâteaux, tartes    1	fr:Gâteaux et pâtisseries surgelés	fr:Surgelé	
Epicerie sucrée - Gâteaux moelleux - Pain d'épices      1	fr:Pains d’épices		
Produits frais - Fruits - Fruits exotiques      1	fr:Fruits exotiques, fr:Fruits		
Vins, bières, alcools - Whiskies - Irlandais    1	fr:Whiskies		
Bio, diététique, équitable - Petit déjeuner - Café, Chocolat    1			
Bio, diététique, équitable - Fruits - Fruits exotiques  1	fr:Fruits exotiques		
Bio, diététique, équitable - Légumes - Carottes 1	fr:Légumes, fr:Carottes, fr:Légumes frais		
Bio, diététique, équitable - Légumes - Autres légumes   1	fr:Légumes		
Vins, bières, alcools - Demi bouteilles, Magnum - Sud-ouest     1	fr:Vins français		
Produits frais - Légumes - Légumes secs et sous vide    1			
Vins, bières, alcools - Vins rouges - Alsace - Jura - Savoie    1	fr:Vins français, fr:Vins rouges		
Bio, diététique, équitable - Produits frais - Charcuterie, Traiteur     1			
Vins, bières, alcools - Whiskies - Autres whiskies      1	fr:Whiskies		
Bio, diététique, équitable - Conserves, potages, tartinables - Terrines, Tartinables    1	fr:Produits à tartiner salés		
Epicerie sucrée - Gâteaux moelleux - Cakes      1	fr:Cakes		
Boissons sans alcool - Boissons au thé, aux fruits, enfants - Spécialités enfants       1	fr:Boissons sans alcool		
Vins, bières, alcools - Demi bouteilles, Magnum - Rhône 1	fr:Vins français		
Vins, bières, alcools - Vins rouges - Beaujolais        1	fr:Vins français, fr:Vins rouges		
Bio, diététique, équitable - Boissons - Cidres  1	fr:Cidres		
Epicerie salée - Produits du monde - Autres pays        1			
Produits frais - Fruits - Autres agrumes        1	fr:Agrumes, fr:Fruits		
Vins, bières, alcools - Demi bouteilles, Magnum - Provence - Corse      1	fr:Vins français		
Bio, diététique, équitable - Légumes - Salades  1	fr:Salades		
Vins, bières, alcools - Fontaines à vin - Languedoc-Roussillon  1	fr:Vins français		
Boulangerie, viennoiserie - Viennoiserie - Croissants   1	fr:Croissants		
Vins, bières, alcools - Alcools blancs - Gin    1	fr:Gin		
Bébé - Repas - Soupes   1	fr:Soupes pour bébé		
